date,sold,temp,weather_status,weekday
2022-01-01,19,04.23,Moln,7
2022-01-02,26,06.06,Moln,1
2022-01-03,7,06.39,Regn,2
2022-01-04,7,03.45,Klart,3
2022-01-05,8,01.01,Moln,4
2022-01-06,45,00.46,Moln,5
2022-01-07,29,02.15,Regn,6
2022-01-08,44,01.09,Moln,7
2022-01-09,18,00.55,Snö,1
2022-01-10,0,01.58,Moln,2
2022-01-11,5,02.20,Regn,3
2022-01-12,1,05.31,Moln,4
2022-01-13,6,06.15,Moln,5
2022-01-14,2,06.14,Klart,6
2022-01-15,2,03.36,Moln,7
2022-01-16,30,06.12,Regn,1
2022-01-17,14,05.05,Klart,2
2022-01-18,5,05.43,Moln,3
2022-01-19,8,05.33,Regn,4
2022-01-20,2,01.20,Moln,5
2022-01-21,5,05.16,Moln,6
2022-01-22,60,02.37,Moln,7
2022-01-23,59,06.22,Moln,1
2022-01-24,16,05.18,Moln,2
2022-01-25,3,06.16,Klart,3
2022-01-26,5,06.13,Moln,4
2022-01-27,14,06.27,Klart,5
2022-01-28,5,05.33,Klart,6
2022-01-29,80,06.44,Regn,7
2022-01-30,47,06.14,Klart,1
2022-01-31,11,00.52,Moln,2
2022-02-01,45,−0.44,Snö,3
2022-02-02,6,01.36,Regn,4
2022-02-03,11,03.12,Regn,5
2022-02-04,22,03.43,Regn,6
2022-02-05,14,04.29,Moln,7
2022-02-06,22,02.10,Regn,1
2022-02-07,20,06.27,Klart,2
2022-02-08,14,06.40,Klart,3
2022-02-09,1,05.36,Klart,4
2022-02-10,14,04.55,Moln,5
2022-02-11,17,04.35,Klart,6
2022-02-12,4,03.26,Moln,7
2022-02-13,73,03.26,Regn,1
2022-02-14,26,06.30,Moln,2
2022-02-15,21,05.11,Moln,3
2022-02-16,32,04.02,Regn,4
2022-02-17,15,04.32,Moln,5
2022-02-18,21,04.31,Moln,6
2022-02-19,4,04.40,Regn,7
2022-02-20,81,03.13,Regn,1
2022-02-21,24,01.29,Moln,2
2022-02-22,9,00.47,Moln,3
2022-02-23,17,06.03,Moln,4
2022-02-24,9,04.24,Regn,5
2022-02-25,23,05.33,Moln,6
2022-02-26,6,04.54,Klart,7
2022-02-27,35,03.03,Klart,1
2022-02-28,15,05.13,Klart,2
2022-03-01,25,03.34,Moln,3
2022-03-02,19,05.35,Moln,4
2022-03-03,13,08.12,Klart,5
2022-03-04,27,06.37,Klart,6
2022-03-05,11,03.20,Moln,7
2022-03-06,42,07.57,Klart,1
2022-03-07,33,06.21,Moln,2
2022-03-08,6,02.47,Moln,3
2022-03-09,2,06.18,Moln,4
2022-03-10,30,06.15,Moln,5
2022-03-11,16,09.05,Klart,6
2022-03-12,2,12.14,Klart,7
2022-03-13,65,10.18,Klart,1
2022-03-14,37,11.10,Klart,2
2022-03-15,4,05.04,Moln,3
2022-03-16,17,07.09,Moln,4
2022-03-17,29,06.45,Regn,5
2022-03-18,8,08.17,Klart,6
2022-03-19,13,08.44,Klart,7
2022-03-20,93,09.43,Klart,1
2022-03-21,34,12.01,Klart,2
2022-03-22,7,09.04,Moln,3
2022-03-23,5,07.04,Klart,4
2022-03-24,6,09.33,Klart,5
2022-03-25,47,10.31,Moln,6
2022-03-26,97,10.28,Moln,7
2022-03-27,27,09.30,Moln,1
2022-03-28,20,09.36,Klart,2
2022-03-29,52,06.49,Moln,3
2022-03-30,34,05.33,Moln,4
2022-03-31,11,04.29,Moln,5
2022-04-01,3,04.35,Moln,6
2022-04-02,53,05.25,Moln,7
2022-04-03,46,06.47,Moln,1
2022-04-04,3,05.12,Regn,2
2022-04-05,6,06.39,Moln,3
2022-04-06,4,01.04,Regn,4
2022-04-07,30,06.07,Regn,5
2022-04-08,7,03.42,Moln,6
2022-04-09,70,08.23,Moln,7
2022-04-10,55,08.11,Klart,1
2022-04-11,13,07.43,Moln,2
2022-04-12,6,09.29,Moln,3
2022-04-13,26,13.05,Moln,4
2022-04-14,27,08.13,Regn,5
2022-04-15,38,12.13,Moln,6
2022-04-16,49,10.51,Klart,7
2022-04-17,102,11.02,Klart,1
2022-04-18,42,13.38,Moln,2
2022-04-19,28,18.36,Moln,3
2022-04-20,21,17.14,Moln,4
2022-04-21,11,17.37,Moln,5
2022-04-22,13,18.33,Klart,6
2022-04-23,97,14.41,Moln,7
2022-04-24,35,14.03,Moln,1
2022-04-25,25,12.23,Klart,2
2022-04-26,23,13.21,Moln,3
2022-04-27,24,11.35,Moln,4
2022-04-28,7,12.44,Moln,5
2022-04-29,10,12.21,Moln,6
2022-04-30,64,13.07,Moln,7
2022-05-01,26,14.02,Klart,1
2022-05-02,24,12.13,Moln,2
2022-05-03,14,14.11,Klart,3
2022-05-04,22,13.27,Moln,4
2022-05-05,9,10.47,Moln,5
2022-05-06,0,13.13,Moln,6
2022-05-07,58,13.11,Moln,7
2022-05-08,42,17.34,Klart,1
2022-05-09,21,14.05,Klart,2
2022-05-10,8,12.02,Regn,3
2022-05-11,25,11.11,Regn,4
2022-05-12,14,12.36,Moln,5
2022-05-13,1,12.02,Regn,6
2022-05-14,65,13.18,Moln,7
2022-05-15,29,15.38,Moln,1
2022-05-16,6,18.16,Moln,2
2022-05-17,10,20.21,Moln,3
2022-05-18,32,16.29,Moln,4
2022-05-19,6,16.16,Moln,5
2022-05-20,12,16.34,Moln,6
2022-05-21,75,12.25,Moln,7
2022-05-22,68,15.05,Moln,1
2022-05-23,23,17.37,Moln,2
2022-05-24,7,13.02,Regn,3
2022-05-25,53,13.55,Regn,4
2022-05-26,41,14.31,Klart,5
2022-05-27,9,13.18,Moln,6
2022-05-28,113,16.35,Moln,7
2022-05-29,61,17.20,Klart,1
2022-05-30,2,11.01,Regn,2
2022-05-31,11,15.39,Moln,3
2022-06-01,2,15.43,Moln,4
2022-06-02,17,14.27,Regn,5
2022-06-03,4,14.26,Moln,6
2022-06-04,49,17.04,Klart,7
2022-06-05,55,19.33,Moln,1
2022-06-06,92,21.11,Moln,2
2022-06-07,3,18.01,Moln,3
2022-06-08,9,14.28,Moln,4
2022-06-09,20,20.32,Moln,5
2022-06-10,56,16.58,Moln,6
2022-06-11,35,18.14,Moln,7
2022-06-12,30,16.21,Moln,1
2022-06-13,7,16.02,Moln,2
2022-06-14,18,18.15,Klart,3
2022-06-15,9,17.20,Moln,4
2022-06-16,14,19.33,Klart,5
2022-06-17,116,19.12,Moln,6
2022-06-18,155,17.37,Klart,7
2022-06-19,87,17.25,Moln,1
2022-06-20,16,17.07,Regn,2
2022-06-21,3,17.46,Moln,3
2022-06-22,13,16.21,Moln,4
2022-06-23,37,17.34,Moln,5
2022-06-24,0,25.28.00,Klart,6
2022-06-25,114,24.22.00,Moln,7
2022-06-26,81,28.25.00,Moln,1
2022-06-27,21,30.14.00,Moln,2
2022-06-28,19,20.59,Regn,3
2022-06-29,32,22.09,Moln,4
2022-06-30,19,27.54.00,Moln,5
2022-07-01,61,22.21,Moln,6
2022-07-02,64,20.26,Moln,7
2022-07-03,20,17.59,Moln,1
2022-07-04,12,17.28,Regn,2
2022-07-05,11,17.34,Moln,3
2022-07-06,10,18.27,Moln,4
2022-07-07,52,21.02,Moln,5
2022-07-08,49,19.47,Moln,6
2022-07-09,89,19.12,Moln,7
2022-07-10,37,20.27,Moln,1
2022-07-11,58,20.38,Moln,2
2022-07-12,17,21.16,Moln,3
2022-07-13,51,19.57,Klart,4
2022-07-14,20,17.18,Moln,5
2022-07-15,31,17.32,Moln,6
2022-07-16,75,19.39,Moln,7
2022-07-17,133,19.47,Moln,1
2022-07-18,36,20.44,Moln,2
2022-07-19,47,23.27,Moln,3
2022-07-20,82,29.32.00,Klart,4
2022-07-21,93,26.05.00,Moln,5
2022-07-22,133,18.18,Regn,6
2022-07-23,68,19.06,Moln,7
2022-07-24,52,17.49,Moln,1
2022-07-25,46,17.47,Regn,2
2022-07-26,58,16.33,Moln,3
2022-07-27,19,20.01,Klart,4
2022-07-28,48,19.33,Moln,5
2022-07-29,29,21.07,Moln,6
2022-07-30,108,23.01,Moln,7
2022-07-31,78,21.07,Moln,1
2022-08-01,12,19.52,Moln,2
2022-08-02,10,17.07,Regn,3
2022-08-03,15,20.44,Moln,4
2022-08-04,22,24.02.00,Regn,5
2022-08-05,67,19.29,Moln,6
2022-08-06,65,18.21,Moln,7
2022-08-07,63,14.11,Regn,1
2022-08-08,25,19.45,Moln,2
2022-08-09,17,20.29,Moln,3
2022-08-10,18,21.15,Moln,4
2022-08-11,36,22.39,Klart,5
2022-08-12,55,23.26,Klart,6
2022-08-13,82,25.38.00,Moln,7
2022-08-14,95,26.28.00,Moln,1
2022-08-15,19,27.21.00,Regn,2
2022-08-16,5,23.35,Regn,3
2022-08-17,11,22.39,Moln,4
2022-08-18,24,25.20.00,Moln,5
2022-08-19,35,22.55,Moln,6
2022-08-20,55,21.22,Moln,7
2022-08-21,27,19.44,Regn,1
2022-08-22,18,19.21,Moln,2
2022-08-23,4,23.00,Moln,3
2022-08-24,17,24.31.00,Klart,4
2022-08-25,21,25.54.00,Klart,5
2022-08-26,20,24.12.00,Klart,6
2022-08-27,71,20.51,Regn,7
2022-08-28,32,20.01,Moln,1
2022-08-29,5,19.53,Moln,2
2022-08-30,7,20.38,Moln,3
2022-08-31,35,19.30,Moln,4
2022-09-01,33,20.29,Klart,5
2022-09-02,15,19.52,Moln,6
2022-09-03,66,19.33,Moln,7
2022-09-04,53,21.13,Moln,1
2022-09-05,23,20.10,Moln,2
2022-09-06,9,20.00,Moln,3
2022-09-07,18,20.04,Moln,4
2022-09-08,11,19.32,Moln,5
2022-09-09,9,14.31,Regn,6
2022-09-10,82,16.44,Moln,7
2022-09-11,29,18.19,Moln,1
2022-09-12,11,17.36,Moln,2
2022-09-13,12,14.22,Regn,3
2022-09-14,21,15.03,Moln,4
2022-09-15,9,16.21,Moln,5
2022-09-16,6,17.41,Moln,6
2022-09-17,63,16.34,Moln,7
2022-09-18,35,16.03,Moln,1
2022-09-19,15,16.06,Moln,2
2022-09-20,7,15.25,Moln,3
2022-09-21,24,15.34,Moln,4
2022-09-22,24,14.36,Moln,5
2022-09-23,11,14.47,Moln,6
2022-09-24,69,15.07,Regn,7
2022-09-25,16,14.39,Moln,1
2022-09-26,7,12.59,Regn,2
2022-09-27,9,13.31,Regn,3
2022-09-28,6,14.58,Regn,4
2022-09-29,19,14.24,Moln,5
2022-09-30,13,13.08,Regn,6
2022-10-01,52,10.55,Regn,7
2022-10-02,48,12.50,Moln,1
2022-10-03,14,15.04,Klart,2
2022-10-04,16,14.26,Moln,3
2022-10-05,21,14.06,Regn,4
2022-10-06,21,14.25,Moln,5
2022-10-07,10,13.43,Moln,6
2022-10-08,59,13.28,Moln,7
2022-10-09,36,14.08,Moln,1
2022-10-10,0,13.15,Moln,2
2022-10-11,14,12.26,Moln,3
2022-10-12,5,13.07,Moln,4
2022-10-13,22,12.58,Moln,5
2022-10-14,5,12.03,Moln,6
2022-10-15,45,13.24,Moln,7
2022-10-16,39,13.28,Regn,1
2022-10-17,1,10.05,Regn,2
2022-10-18,11,13.14,Moln,3
2022-10-19,24,10.46,Klart,4
2022-10-20,15,10.55,Moln,5
2022-10-21,3,09.02,Regn,6
2022-10-22,58,10.28,Moln,7
2022-10-23,11,12.18,Moln,1
2022-10-24,4,13.39,Regn,2
2022-10-25,5,13.30,Regn,3
2022-10-26,12,12.13,Moln,4
2022-10-27,21,13.02,Moln,5
2022-10-28,0,13.29,Moln,6
2022-10-29,95,13.24,Moln,7
2022-10-30,36,15.34,Moln,1
2022-10-31,3,12.32,Moln,2
2022-11-01,9,12.11,Regn,3
2022-11-02,16,11.15,Moln,4
2022-11-03,13,12.14,Moln,5
2022-11-04,12,10.16,Regn,6
2022-11-05,61,10.39,Regn,7
2022-11-06,42,11.49,Moln,1
2022-11-07,7,11.05,Regn,2
2022-11-08,7,12.14,Moln,3
2022-11-09,4,12.10,Moln,4
2022-11-10,7,11.08,Regn,5
2022-11-11,8,13.27,Moln,6
2022-11-12,42,13.01,Moln,7
2022-11-13,46,11.11,Moln,1
2022-11-14,5,09.26,Moln,2
2022-11-15,8,09.14,Regn,3
2022-11-16,23,07.38,Moln,4
2022-11-17,23,05.13,Moln,5
2022-11-18,2,04.12,Moln,6
2022-11-19,57,02.13,Moln,7
2022-11-20,21,00.44,Moln,1
2022-11-21,10,−01.32.00,Moln,2
2022-11-22,5,01.08,Moln,3
2022-11-23,3,04.36,Moln,4
2022-11-24,11,05.44,Moln,5
2022-11-25,24,04.38,Moln,6
2022-11-26,94,06.06,Moln,7
2022-11-27,57,06.34,Moln,1
2022-11-28,4,06.25,Moln,2
2022-11-29,18,04.56,Moln,3
2022-11-30,23,02.29,Moln,4
2022-12-01,8,03.22,Moln,5
2022-12-02,9,02.45,Moln,6
2022-12-03,92,−00.37.00,Moln,7
2022-12-04,20,00.47,Moln,1
2022-12-05,12,01.27,Moln,2
2022-12-06,9,-1.7,Moln,3
2022-12-07,5,−02.06.00,Moln,4
2022-12-08,14,01.10,Moln,5
2022-12-09,15,−02.18.00,Moln,6
2022-12-10,91,−04.03.00,Moln,7
2022-12-11,18,−05.42.00,Moln,1
2022-12-12,1,−04.36.00,Moln,2
2022-12-13,17,−07.21.00,Moln,3
2022-12-14,21,-2.6,Moln,4
2022-12-15,26,−05.19.00,Klart,5
2022-12-16,2,−05.03.00,Moln,6
2022-12-17,24,01.45,Moln,7
2022-12-18,83,03.23,Moln,1
2022-12-19,0,00.44,Snö,2
2022-12-20,8,05.48,Regn,3
2022-12-21,2,05.11,Moln,4
2022-12-22,12,05.39,Regn,5
2022-12-23,10,−01.06.00,Moln,6
2022-12-24,0,−02.47.00,Moln,7
2022-12-25,0,2.9,Regn,1
2022-12-26,23,04.32,Regn,2
2022-12-27,5,03.39,Moln,3
2022-12-28,17,05.28,Regn,4
2022-12-29,28,06.35,Regn,5
2022-12-30,34,04.33,Moln,6
2022-12-31,0,06.41,Regn,7